{"cameraMode":{"drawMode":0,"name":"Shaded","section":"Shading Mode"},"sceneLighting":true,"audioPlay":false,"sceneViewState":{"m_AlwaysRefresh":false,"showFog":true,"showSkybox":true,"showFlares":true,"showImageEffects":true,"showParticleSystems":true,"showVisualEffectGraphs":true,"m_FxEnabled":true},"in2DMode":false,"pivot":{"x":0.16671371459960938,"y":0.8675097227096558,"z":286.71002197265627},"rotation":{"x":0.2625073790550232,"y":-0.12405485659837723,"z":0.03405076265335083,"w":0.9563241004943848},"size":1.3358204364776612,"orthographic":false}